{"cameraMode":{"drawMode":0,"name":"Shaded","section":"Shading Mode"},"sceneLighting":true,"audioPlay":false,"sceneViewState":{"showFog":true,"showMaterialUpdate":false,"showSkybox":true,"showFlares":true,"showImageEffects":true,"showParticleSystems":true},"in2DMode":false,"pivot":{"x":1.8541654348373414,"y":0.4813947081565857,"z":-2.471071243286133},"rotation":{"x":0.06881991773843765,"y":-0.9142647385597229,"z":0.17545415461063386,"w":0.3586081564426422},"size":10.150009155273438,"orthographic":true}