{"cameraMode":{"drawMode":0,"name":"Shaded","section":"Shading Mode"},"sceneLighting":true,"audioPlay":false,"sceneViewState":{"showFog":true,"showMaterialUpdate":true,"showSkybox":true,"showFlares":true,"showImageEffects":true,"showParticleSystems":true},"in2DMode":false,"pivot":{"x":-2.69189453125,"y":-0.654296875,"z":2.373870849609375},"rotation":{"x":0.42100954055786135,"y":0.5704479217529297,"z":-0.42917436361312868,"w":0.5595977306365967},"size":12.653499603271485,"orthographic":true}