{"cameraMode":{"drawMode":0,"name":"Shaded","section":"Shading Mode"},"sceneLighting":true,"audioPlay":false,"sceneViewState":{"showFog":true,"showMaterialUpdate":true,"showSkybox":true,"showFlares":true,"showImageEffects":true,"showParticleSystems":true},"in2DMode":false,"pivot":{"x":-2.3797767162323,"y":7.056641101837158,"z":-2.285853147506714},"rotation":{"x":0.42100954055786135,"y":0.5704479217529297,"z":-0.42917436361312868,"w":0.5595977306365967},"size":21.956941604614259,"orthographic":true}